w,success,cost,expansions,elapsed_ms
1.0,True,22.0,113,0.571739999941201
1.5,True,22.0,22,0.10322400066797854
2.0,True,22.0,22,0.09747200056153815
